Workbook

Sheet templates
A1: id | B1: chiave | C1: valore
A2: 1 | B2: cartella_destinazione | C2: 1VuIhKliG7zLA9BSGKtQGuBEkdTLPfrF8
A3: 2 | B3: id_template | C3: 18pyduR_I63YwdHKAcDdwDvez8wlo2W0gNBUow5k4RFE
A4: 3 | B4: id_sinottica | C4: 1uQ9cT-A0K1t5U647bZQ_SLeSrcZCB3DU5oqpcat8D4I

Sheet programmazioni
A1: id | B1: data | C1: anno_scolastico | D1: classe | E1: corso | F1: disciplina | G1: alias_disciplina | H1: id_docenti | I1: id_manuali | J1: situazione_classe | K1: annualità | L1: ore_teoria | M1: ore_laboratorio | N1: attività_extrcurriculari
A2: 1 | B2: 11/11/2025 | C2: 2025/26 | D2: 5 | E2: H | F2: 1 | G2: =VLOOKUP(F2,discipline[],3) -> Sistemi | H2: 1 | I2: 1 | J2: La classe presenta un quadro fortemente polarizzato. Emerge un gruppo significativo di studenti (circa un terzo) con un profilo molto critico, caratterizzato da passività, disinteresse, metodo di studio quasi inesistente e, in alcuni casi, comportamenti problematici. A questo si contrappone un gruppo più ristretto di studenti eccellenti, molto motivati, corretti e partecipativi. Infine, esiste un gruppo "intermedio" consistente, caratterizzato da forte insicurezza: studenti che, pur avendo basi corrette (rispetto regole, consegne), non hanno fiducia nei propri mezzi e faticano a partecipare attivamente. In seguito a un test di autovalutazione si sono individuati i seguenti punti di debolezza e punti di forza. Le principali aree critiche risiedono nei seguenti punti. - Studio Autonomo: è la criticità più diffusa e grave. La maggior parte degli studenti non ha ancora sviluppato un metodo di studio efficace faticando molto a organizzarsi. - Partecipazione Attiva: la passività è molto diffusa. Molti studenti preferiscono non fare domande e trovano difficile prendere l'iniziativa per parlare. La distrazione è un problema comune. - Interesse e Motivazione: una parte significativa della classe mostra poco interesse per la materia impegnandosi solo per la sufficienza. - Percezione del Rendimento: molti studenti (anche quelli con buone basi) sono tuttavia insoddisfatti e ritengono che i loro risultati siano scarsi anche se studiano. I punti di forza collettivi risiedono nei seguenti punti. - Rispetto delle Consegne: la maggioranza degli studenti si assicurano di completare i compiti per tempo cosicché le scadenze siano tendenzialmente rispettate. - Rispetto Formale: la maggior parte degli studenti mantiene un comportamento corretto verso l'insegnante. Si è pertanto di procedere con i seguenti interventi prioritari. - Costruzione del Metodo di Studio: un intervento collettivo per fornire strumenti base su come prendere appunti, come rivederli, come pianificare lo studio ed evitare lo studio "all-nighter". - Lavoro sulla Motivazione: sfruttare un punto di forza universale (il laboratorio) per agganciare gli studenti più demotivati, rendendo la materia più pratica e meno teorica. - Gestione della Passività: creare un clima di classe sicuro per abbassare l'ansia da prestazione e incoraggiare gli studenti "incerti" a prendere l'iniziativa, magari attraverso lavori di gruppo strutturati. | K2: =VLOOKUP(IF(D2=5,2,1),periodo[],2) -> ultimo anno | L2: 1 | M2: 3 | N2: Come da programmazione coordinata.
A3: 2 | B3: 11/11/2025 | C3: 2025/26 | D3: 5 | E3: F | F3: 1 | G3: =VLOOKUP(F3,discipline[],3) -> Sistemi | H3: 1 | K3: =VLOOKUP(IF(D3=5,2,1),periodo[],2) -> ultimo anno | L3: 1 | M3: 3 | N3: Come da programmazione coordinata.
A4: 3 | B4: 11/11/2025 | C4: 2025/26 | D4: 5 | E4: H | F4: 2 | G4: =VLOOKUP(F4,discipline[],3) -> TeP | H4: 1 | K4: =VLOOKUP(IF(D4=5,2,1),periodo[],2) -> ultimo anno | L4: 1 | M4: 2 | N4: Come da programmazione coordinata.
A5: 4 | B5: 11/11/2025 | C5: 2025/26 | D5: 5 | E5: F | F5: 2 | G5: =VLOOKUP(F5,discipline[],3) -> TeP | H5: 2 | K5: =VLOOKUP(IF(D5=5,2,1),periodo[],2) -> ultimo anno | L5: 1 | M5: 2 | N5: Come da programmazione coordinata.
A6: 5 | B6: 11/11/2025 | C6: 2025/26 | D6: 5 | E6: H | F6: 3 | G6: =VLOOKUP(F6,discipline[],3) -> IA | H6: 1 | K6: =VLOOKUP(IF(D6=5,2,1),periodo[],2) -> ultimo anno | L6: 1 | M6: 1 | N6: Come da programmazione coordinata.
A7: 6 | B7: 11/11/2025 | C7: 2025/26 | D7: 5 | E7: F | F7: 3 | G7: =VLOOKUP(F7,discipline[],3) -> IA | H7: 1 | K7: =VLOOKUP(IF(D7=5,2,1),periodo[],2) -> ultimo anno | L7: 1 | M7: 1 | N7: Come da programmazione coordinata.

Sheet parametri_elenchi
A1: id | B1: chiave | C1: valore | D1: voce_elenco | E1: flag
A2: 47 | B2: ddi-1 | C2: =concat(IF(E2,"🗹 ","☐ "),D2) -> 🗹 Lezione Frontale | D2: Lezione Frontale | E2: TRUE
A3: 48 | B3: ddi-2 | C3: =concat(IF(E3,"🗹 ","☐ "),D3) -> 🗹 Lezione Dialogata | D3: Lezione Dialogata | E3: TRUE
A4: 49 | B4: ddi-3 | C4: =concat(IF(E4,"🗹 ","☐ "),D4) -> 🗹 Problem Solving | D4: Problem Solving | E4: TRUE
A5: 50 | B5: ddi-4 | C5: =concat(IF(E5,"🗹 ","☐ "),D5) -> 🗹 Cooperative Learning | D5: Cooperative Learning | E5: TRUE
A6: 51 | B6: ddi-5 | C6: =concat(IF(E6,"🗹 ","☐ "),D6) -> ☐ Alternanza Scuola-Lavoro | D6: Alternanza Scuola-Lavoro | E6: FALSE
A7: 52 | B7: ddi-6 | C7: =concat(IF(E7,"🗹 ","☐ "),D7) -> ☐ Didattica Digitale Integrata | D7: Didattica Digitale Integrata | E7: FALSE
A8: 53 | B8: ddi-7 | C8: =concat(IF(E8,"🗹 ","☐ "),D8) -> ☐ Flipped Classroom | D8: Flipped Classroom | E8: FALSE
A9: 54 | B9: ddi-8 | C9: =concat(IF(E9,"🗹 ","☐ "),D9) -> 🗹 Esecuzione di Attività Pratiche | D9: Esecuzione di Attività Pratiche | E9: TRUE
A10: 55 | B10: ddi-9 | C10: =concat(IF(E10,"🗹 ","☐ "),D10) -> 🗹 Lavoro di Gruppo | D10: Lavoro di Gruppo | E10: TRUE
A11: 56 | B11: ddi-10 | C11: =concat(IF(E11,"🗹 ","☐ "),D11) -> 🗹 Casi di Studio | D11: Casi di Studio | E11: TRUE
A12: 57 | B12: ddi-11 | C12: =concat(IF(E12,"🗹 ","☐ "),D12) -> ☐ E-Learning | D12: E-Learning | E12: FALSE
A13: 58 | B13: ddi-12 | C13: =concat(IF(E13,"🗹 ","☐ "),D13) -> 🗹 Peer Tutoring | D13: Peer Tutoring | E13: TRUE
... A51: 97 | B51: strumenti-8 | C51: =concat(IF(E51,"🗹 ","☐ "),D51) -> ☐ Altro: | D51: Altro: | E51: FALSE
A52: 98 | B52: strumenti-9 | C52: =concat(IF(E52,"🗹 ","☐ "),D52) -> ☐ | E52: FALSE
A53: 99 | B53: ver-1 | C53: =concat(IF(E53,"🗹 ","☐ "),D53) -> 🗹 Colloqui Orali | D53: Colloqui Orali | E53: TRUE
A54: 100 | B54: ver-2 | C54: =concat(IF(E54,"🗹 ","☐ "),D54) -> 🗹 Prove Scritte | D54: Prove Scritte | E54: TRUE
A55: 101 | B55: ver-3 | C55: =concat(IF(E55,"🗹 ","☐ "),D55) -> ☐ Prove Scritte – Grafiche | D55: Prove Scritte – Grafiche | E55: FALSE
A56: 102 | B56: ver-4 | C56: =concat(IF(E56,"🗹 ","☐ "),D56) -> 🗹 Ricerche personali o di gruppo | D56: Ricerche personali o di gruppo | E56: TRUE
A57: 103 | B57: ver-5 | C57: =concat(IF(E57,"🗹 ","☐ "),D57) -> ☐ Project Work | D57: Project Work
A58: 104 | B58: ver-6 | C58: =concat(IF(E58,"🗹 ","☐ "),D58) -> ☐ Dialogo Interattivo | D58: Dialogo Interattivo | E58: FALSE
A59: 105 | B59: ver-7 | C59: =concat(IF(E59,"🗹 ","☐ "),D59) -> 🗹 Test Interattivi: ☐ Google Moduli 🗹 Microsoft Forms ☐ Quizlet ☐ Kahoot ☐ Zanichelli Zte ☐ Teacher Desmos ☐ Altro: | D59: Test Interattivi: ☐ Google Moduli 🗹 Microsoft Forms ☐ Quizlet ☐ Kahoot ☐ Zanichelli Zte ☐ Teacher Desmos ☐ Altro: | E59: TRUE
A60: 112 | B60: ver-8 | C60: =concat(IF(E60,"🗹 ","☐ "),D60) -> ☐ ☐ Altro: | D60: ☐ Altro: | E60: FALSE
A61: 113 | B61: ver-9 | C61: =concat(IF(E61,"🗹 ","☐ "),D61) -> 🗹 🗹 Questionari a Risposta Chiusa | D61: 🗹 Questionari a Risposta Chiusa | E61: TRUE
A62: 114 | B62: ver-10 | C62: =concat(IF(E62,"🗹 ","☐ "),D62) -> 🗹 🗹 Questionari a Risposta Aperta | D62: 🗹 Questionari a Risposta Aperta | E62: TRUE
A63: 115 | B63: ver-11 | C63: =concat(IF(E63,"🗹 ","☐ "),D63) -> 🗹 🗹 Questionari a Risposta Multipla | D63: 🗹 Questionari a Risposta Multipla | E63: TRUE
A64: 116 | B64: ver-12 | C64: =concat(IF(E64,"🗹 ","☐ "),D64) -> 🗹 🗹 Questionari Vero - Falso | D64: 🗹 Questionari Vero - Falso | E64: TRUE
A65: 117 | B65: ver-13 | C65: =concat(IF(E65,"🗹 ","☐ "),D65) -> 🗹 🗹 Compiti di Realtà | D65: 🗹 Compiti di Realtà | E65: TRUE
A66: 118 | B66: ver-14 | C66: =concat(IF(E66,"🗹 ","☐ "),D66) -> 🗹 Verifiche per Competenze: 🗹 Commento a Testi; 🗹 Creazione e Risoluzione di Esercizi (Problem Solving E Posing) ☐ Mappa Di Sintesi; 🗹 Riflessione Critica ☐ Debate: Argomentare Con Punti Di Vista Diversi ☐ Percorsi Con Immagini E Testi ☐ Saggio Di Comparazione ☐ Altro: | D66: Verifiche per Competenze: 🗹 Commento a Testi; 🗹 Creazione e Risoluzione di Esercizi (Problem Solving E Posing) ☐ Mappa Di Sintesi; 🗹 Riflessione Critica ☐ Debate: Argomentare Con Punti Di Vista Diversi ☐ Percorsi Con Immagini E Testi ☐ Saggio Di Comparazione ☐ Altro: | E66: TRUE
A67: 126 | B67: ver-15 | C67: =concat(IF(E67,"🗹 ","☐ "),D67) -> ☐ Verifiche per Competenze con il Digitale ☐ Pagina Web (Sites) ☐ Immagini, Mappe e Presentazioni Animate (Genial.Ly) ☐ Realizzazione Di Ebooks ☐ Lavori di Gruppo con documenti o produzioni multimediali condivise ☐ Presentazioni (Ppt, Prezi, Google Presentation, Slides, Genial.Ly, Etc.) ☐ Video (Spark Adobe, Powtoon, Stop Motion, Etc.) ☐ Reading Collettivi Da Registrare ☐ Altro: | D67: Verifiche per Competenze con il Digitale ☐ Pagina Web (Sites) ☐ Immagini, Mappe e Presentazioni Animate (Genial.Ly) ☐ Realizzazione Di Ebooks ☐ Lavori di Gruppo con documenti o produzioni multimediali condivise ☐ Presentazioni (Ppt, Prezi, Google Presentation, Slides, Genial.Ly, Etc.) ☐ Video (Spark Adobe, Powtoon, Stop Motion, Etc.) ☐ Reading Collettivi Da Registrare ☐ Altro: | E67: FALSE

Sheet periodo
A1: id | B1: nome
A2: 1 | B2: secondo biennio
A3: 2 | B3: ultimo anno

Sheet docenti
A1: id | B1: elenco
A2: 1 | B2: prof. R. Caserta, prof. M. Lo Brutto
A3: 2 | B3: prof. R. Caserta, prof. M. Genovese

Sheet manuali
A1: id | B1: manuale | C1: anno | D1: disciplina
A2: 1 | B2: dispense | C2: 5 | D2: 2
A3: 2 | B3: sistemi 5 anno | C3: 5 | D3: 1

Sheet discipline
A1: id | B1: nome | C1: alias | D1: finalità
A2: 1 | B2: Sitemi e Reti | C2: Sistemi | D2: La disciplina "Sistemi e reti" concorre a far conseguire allo studente al termine del percorso quinquennale i seguenti risultati di apprendimento relativi al profilo educativo, culturale e professionale dello studente coerenti con la disciplina: - cogliere l’importanza dell’orientamento al risultato, del lavoro per obiettivi e della necessità di assumere responsabilità nel rispetto dell’etica e della deontologia professionale; - orientarsi nella normativa che disciplina i processi produttivi del settore di riferimento, con particolare attenzione sia alla sicurezza sui luoghi di vita e di lavoro sia alla tutela dell’ambiente e del territorio; - intervenire nelle diverse fasi e livelli del processo produttivo, dall’ideazione alla realizzazione del prodotto, per la parte di propria competenza, utilizzando gli strumenti di progettazione, documentazione e controllo; - riconoscere gli aspetti di efficacia, efficienza e qualità nella propria attività lavorativa.
A3: 2 | B3: Tecnologia e Progettazione di Sistemi Informatici e di Telecomunicazioni | C3: TeP
A4: 3 | B4: Intelligenza Aritficiale | C4: IA
A5: 4 | B5: Trasversale | C5: Trs

Sheet uda
A1: id | B1: titolo | C1: id_discipline | D1: alias_discipline
A2: 1 | B2: Crittografia | C2: 2 | D2: =VLOOKUP(C2,discipline[],3) -> TeP
A3: 2 | B3: Architettura e Sviluppo di un Servizio Web | C3: 2 | D3: =VLOOKUP(C3,discipline[],3) -> TeP

Sheet moduli
A1: id | B1: titolo | C1: id_uda | D1: titolo_uda | E1: realizza
A2: 1 | B2: Crittografia Classica | C2: 1 | D2: =VLOOKUP(C2,uda[[id]:[titolo]],2) -> Crittografia | E2: =IFERROR(__xludf.DUMMYFUNCTION("JOIN("", "",ARRAYFORMULA(VLOOKUP(FILTER(competenze_TO_modulo[id_competenze], competenze_TO_modulo[id_modulo] = A2), competenze, 8, FALSE)))"),"C3/c, C4/c, C5/c, C1/d, C4/d, C5/d, C1/i, C3/i, C5/i") -> C3/c, C4/c, C5/c, C1/d, C4/d, C5/d, C1/i, C3/i, C5/i
A3: 2 | B3: Crittografia Quantistica | C3: 1 | D3: =VLOOKUP(C3,uda[[id]:[titolo]],2) -> Crittografia | E3: =IFERROR(__xludf.DUMMYFUNCTION("JOIN(""; "",ARRAYFORMULA(VLOOKUP(FILTER(competenze_TO_modulo[id_competenze], competenze_TO_modulo[id_modulo] = A3), competenze, 8, FALSE)))"),"#N/A") -> #N/A
A4: 3 | B4: Architettura | C4: 2 | D4: =VLOOKUP(C4,uda[[id]:[titolo]],2) -> Architettura e Sviluppo di un Servizio Web | E4: =IFERROR(__xludf.DUMMYFUNCTION("JOIN(""; "",ARRAYFORMULA(VLOOKUP(FILTER(competenze_TO_modulo[id_competenze], competenze_TO_modulo[id_modulo] = A4), competenze, 8, FALSE)))"),"#N/A") -> #N/A
A5: 4 | B5: Sviluppo | C5: 2 | D5: =VLOOKUP(C5,uda[[id]:[titolo]],2) -> Architettura e Sviluppo di un Servizio Web | E5: =IFERROR(__xludf.DUMMYFUNCTION("JOIN(""; "",ARRAYFORMULA(VLOOKUP(FILTER(competenze_TO_modulo[id_competenze], competenze_TO_modulo[id_modulo] = A5), competenze, 8, FALSE)))"),"#N/A") -> #N/A
A6: 5 | B6: API e Strutture dati | C6: 2 | D6: =VLOOKUP(C6,uda[[id]:[titolo]],2) -> Architettura e Sviluppo di un Servizio Web | E6: =IFERROR(__xludf.DUMMYFUNCTION("JOIN(""; "",ARRAYFORMULA(VLOOKUP(FILTER(competenze_TO_modulo[id_competenze], competenze_TO_modulo[id_modulo] = A6), competenze, 8, FALSE)))"),"#N/A") -> #N/A

Sheet ud
A1: id | B1: ordinale | C1: titolo | D1: id_modulo | E1: titolo_modulo | F1: titolo_uda | G1: titolo_disciplina
A2: 1 | B2: 1 | C2: Fondamenti e Storia della Crittografia | D2: 1 | E2: =VLOOKUP(D2, moduli!$A$1:$B$6, 2, FALSE) -> Crittografia Classica | F2: =VLOOKUP(VLOOKUP(D2,moduli[[id]:[id_uda]],3),uda[[id]:[titolo]],2) -> Crittografia | G2: =VLOOKUP(VLOOKUP(D2,moduli[[id]:[id_uda]],3),uda[[id]:[alias_discipline]],4) -> TeP
A3: 2 | B3: 2 | C3: Funzioni Hash: L'Impronta Digitale dei Dati | D3: 1 | E3: =VLOOKUP(D3, moduli!$A$1:$B$6, 2, FALSE) -> Crittografia Classica | F3: =VLOOKUP(VLOOKUP(D3,moduli[[id]:[id_uda]],3),uda[[id]:[titolo]],2) -> Crittografia | G3: =VLOOKUP(VLOOKUP(D3,moduli[[id]:[id_uda]],3),uda[[id]:[alias_discipline]],4) -> TeP
A4: 3 | B4: 3 | C4: Crittografia Simmetrica: Algoritmi Storici e Moderni | D4: 1 | E4: =VLOOKUP(D4, moduli!$A$1:$B$6, 2, FALSE) -> Crittografia Classica | F4: =VLOOKUP(VLOOKUP(D4,moduli[[id]:[id_uda]],3),uda[[id]:[titolo]],2) -> Crittografia | G4: =VLOOKUP(VLOOKUP(D4,moduli[[id]:[id_uda]],3),uda[[id]:[alias_discipline]],4) -> TeP
A5: 4 | B5: 4 | C5: Aritmetica Modulare e Teoria dei Numeri | D5: 1 | E5: =VLOOKUP(D5, moduli!$A$1:$B$6, 2, FALSE) -> Crittografia Classica | F5: =VLOOKUP(VLOOKUP(D5,moduli[[id]:[id_uda]],3),uda[[id]:[titolo]],2) -> Crittografia | G5: =VLOOKUP(VLOOKUP(D5,moduli[[id]:[id_uda]],3),uda[[id]:[alias_discipline]],4) -> TeP
A6: 5 | B6: 5 | C6: Crittografia Asimmetrica e Scambio di Chiavi (RSA) | D6: 1 | E6: =VLOOKUP(D6, moduli!$A$1:$B$6, 2, FALSE) -> Crittografia Classica | F6: =VLOOKUP(VLOOKUP(D6,moduli[[id]:[id_uda]],3),uda[[id]:[titolo]],2) -> Crittografia | G6: =VLOOKUP(VLOOKUP(D6,moduli[[id]:[id_uda]],3),uda[[id]:[alias_discipline]],4) -> TeP
A7: 6 | B7: 6 | C7: Scambio di Chiavi Diffie-Hellman | D7: 1 | E7: =VLOOKUP(D7, moduli!$A$1:$B$6, 2, FALSE) -> Crittografia Classica | F7: =VLOOKUP(VLOOKUP(D7,moduli[[id]:[id_uda]],3),uda[[id]:[titolo]],2) -> Crittografia | G7: =VLOOKUP(VLOOKUP(D7,moduli[[id]:[id_uda]],3),uda[[id]:[alias_discipline]],4) -> TeP
A8: 7 | B8: 7 | C8: Fondamenti di Meccanica Quantistica per l'IT | D8: 2 | E8: =VLOOKUP(D8, moduli!$A$1:$B$6, 2, FALSE) -> Crittografia Quantistica | F8: =VLOOKUP(VLOOKUP(D8,moduli[[id]:[id_uda]],3),uda[[id]:[titolo]],2) -> Crittografia | G8: =VLOOKUP(VLOOKUP(D8,moduli[[id]:[id_uda]],3),uda[[id]:[alias_discipline]],4) -> TeP
A9: 8 | B9: 8 | C9: Complessità Algoritmica e Classi di Complessità | D9: 2 | E9: =VLOOKUP(D9, moduli!$A$1:$B$6, 2, FALSE) -> Crittografia Quantistica | F9: =VLOOKUP(VLOOKUP(D9,moduli[[id]:[id_uda]],3),uda[[id]:[titolo]],2) -> Crittografia | G9: =VLOOKUP(VLOOKUP(D9,moduli[[id]:[id_uda]],3),uda[[id]:[alias_discipline]],4) -> TeP
A10: 9 | B10: 9 | C10: Simulazione di Circuiti Quantistici | D10: 2 | E10: =VLOOKUP(D10, moduli!$A$1:$B$6, 2, FALSE) -> Crittografia Quantistica | F10: =VLOOKUP(VLOOKUP(D10,moduli[[id]:[id_uda]],3),uda[[id]:[titolo]],2) -> Crittografia | G10: =VLOOKUP(VLOOKUP(D10,moduli[[id]:[id_uda]],3),uda[[id]:[alias_discipline]],4) -> TeP
A11: 10 | B11: 10 | C11: L'Algoritmo di Shor e la Minaccia a RSA | D11: 2 | E11: =VLOOKUP(D11, moduli!$A$1:$B$6, 2, FALSE) -> Crittografia Quantistica | F11: =VLOOKUP(VLOOKUP(D11,moduli[[id]:[id_uda]],3),uda[[id]:[titolo]],2) -> Crittografia | G11: =VLOOKUP(VLOOKUP(D11,moduli[[id]:[id_uda]],3),uda[[id]:[alias_discipline]],4) -> TeP
A12: 11 | B12: 11 | C12: Sviluppo API REST (con Laravel) | D12: 3 | E12: =VLOOKUP(D12, moduli!$A$1:$B$6, 2, FALSE) -> Architettura | F12: =VLOOKUP(VLOOKUP(D12,moduli[[id]:[id_uda]],3),uda[[id]:[titolo]],2) -> Architettura e Sviluppo di un Servizio Web | G12: =VLOOKUP(VLOOKUP(D12,moduli[[id]:[id_uda]],3),uda[[id]:[alias_discipline]],4) -> TeP
A13: 12 | B13: 12 | C13: Sicurezza e Autenticazione API | D13: 3 | E13: =VLOOKUP(D13, moduli!$A$1:$B$6, 2, FALSE) -> Architettura | F13: =VLOOKUP(VLOOKUP(D13,moduli[[id]:[id_uda]],3),uda[[id]:[titolo]],2) -> Architettura e Sviluppo di un Servizio Web | G13: =VLOOKUP(VLOOKUP(D13,moduli[[id]:[id_uda]],3),uda[[id]:[alias_discipline]],4) -> TeP
... A19: 18 | B19: 18 | C19: Strutture Dati e Scambio (JSON) | D19: 5 | E19: =VLOOKUP(D19, moduli!$A$1:$B$6, 2, FALSE) -> API e Strutture dati | F19: =VLOOKUP(VLOOKUP(D19,moduli[[id]:[id_uda]],3),uda[[id]:[titolo]],2) -> Architettura e Sviluppo di un Servizio Web | G19: =VLOOKUP(VLOOKUP(D19,moduli[[id]:[id_uda]],3),uda[[id]:[alias_discipline]],4) -> TeP

Sheet conoscenze
A1: id | B1: titolo | C1: id_ud | D1: id_disciplina
A2: 1 | B2: Definizioni (Crittografia, Criptoanalisi), obiettivi. | C2: 1 | D2: 2
A3: 2 | B3: Evoluzione storica (da Vigenère a RSA). L'era pre-calcolatore (ENIGMA) e l'era moderna. | C3: 1 | D3: 2
A4: 3 | B4: Il contesto della crittografia post-quantistica. | C4: 1 | D4: 2
A5: 4 | B5: Le tre proprietà crittografiche (Unidirezionalità, Effetto Valanga, Resistenza alle Collisioni). Uso di Hashing e Salting per password | D5: 2
A6: 5 | B6: Struttura e obsolescenza di DES/3DES. Architettura di AES e modalità di funzionamento . | D6: 2
A7: 6 | B7: Fondamenti dell'Aritmetica Modulare e concetto di congruenza. | D7: 2
A8: 7 | B8: Funzionamento di RSA. Problema matematico sottostante (Fattorizzazione). Concetto di chiave pubblica e privata. | D8: 2
A9: 8 | B9: Funzionamento del protocollo Diffie-Hellman-Merkle (DHM). Problema matematico sottostante (Logaritmo Discreto). | D9: 2
A10: 9 | B10: Il Qubit: sovrapposizione ed entanglement. Differenza tra bit classico e qubit. Il collasso della funzione d'onda (misurazione) e il principio di indeterminazione. | D10: 2
A11: 10 | B11: Notazione O-grande (Big-O). Classi P, NP, NP-completo. La classe BQP (Bounded-error Quantum Polynomial time) e la sua relazione con le classi classiche. Esempi (ricerca lineare vs. binaria). | D11: 2
A12: 11 | B12: Panoramica delle librerie di sviluppo (es. Qiskit, Cirq). Concetto di porte quantistiche (Hadamard, Pauli-X, CNOT). Costruzione di semplici circuiti (es. stato di Bell, teletrasporto base). | D12: 2
A13: 12 | B13: Il problema della fattorizzazione (alla base di RSA, UDA 1.5). Descrizione concettuale dell'algoritmo di Shor. Impatto sulla crittografia asimmetrica moderna. Introduzione alla Crittografia Post-Quantistica (PQC). | D13: 2
A14: 13 | B14: Architettura REST. Struttura framework backend MVC (es. Laravel). Routing. ORM (Object-Relational Mapping). | D14: 2
A15: 14 | B15: Principi di autenticazione stateless. Standard comuni come JWT (JSON Web Tokens). Concetto di "bearer token". (Collegamento con UDA 1 - Crittografia). | D15: 2
A16: 15 | B16: Conoscenza degli strumenti di IA per lo sviluppo (es. "Jules" / GitHub Copilot) per generazione codice, debug, documentazione. | D16: 2
... A21: 20 | B21: Formati interscambio dati (Strutture Dati): sintassi e uso di JSON per lo scambio dati tra applicazioni. Serializzazione e deserializzazione. | D21: 2

Sheet abilità
A1: id | B1: id_periodo | C1: titolo | D1: id_discipline | E1: fonte | F1: tipo
A2: 1 | B2: 1 | C2: Identificare e analizzare gli aspetti funzionali dei principali componenti di un sistema operativo. | D2: 2 | E2: ministeriale | F2: cognitiva
A3: 2 | B3: 1 | C3: Scegliere il sistema operativo adeguato ad un determinato ambiente di sviluppo. | D3: 2 | E3: ministeriale | F3: cognitiva
A4: 3 | B4: 1 | C4: Progettare e realizzare applicazioni che interagiscono con le funzionalità dei sistemi operativi. | D4: 2 | E4: ministeriale | F4: pratica
A5: 4 | B5: 1 | C5: Progettare e realizzare applicazioni in modalità concorrente. | D5: 2 | E5: ministeriale | F5: pratica
A6: 5 | B6: 1 | C6: Identificare le fasi di un progetto nel contesto del ciclo di sviluppo. | D6: 2 | E6: ministeriale
A7: 6 | B7: 1 | C7: Documentare i requisiti e gli aspetti architetturali di un prodotto/servizio, anche in riferimento a standard di settore. | D7: 2 | E7: ministeriale | F7: pratica
A8: 7 | B8: 1 | C8: Applicare le normative di settore sulla sicurezza e la tutela ambientale. | D8: 2 | E8: ministeriale | F8: pratica
A9: 8 | B9: 2 | C9: Realizzare applicazioni per la comunicazione di rete. | D9: 2 | E9: ministeriali | F9: pratica
A10: 9 | B10: 2 | C10: Progettare l’architettura di un prodotto/servizio individuandone le componenti tecnologiche. | D10: 2 | E10: ministeriali | F10: pratica
A11: 10 | B11: 2 | C11: Progettare semplici protocolli di comunicazione. | D11: 2 | E11: ministeriali | F11: pratica
A12: 11 | B12: 2 | C12: Realizzare semplici applicazioni orientate ai servizi. | D12: 2 | E12: ministeriali | F12: pratica
A13: 12 | B13: 2 | C13: Selezionare, installare, configurare e gestire un servizio di rete locale o ad accesso pubblico. | D13: 2 | E13: dipartimentale | F13: cognitiva
A14: 13 | B14: 2 | C14: Integrare differenti sistemi operativi in rete | D14: 2 | E14: dipartimentale | F14: cognitiva
A15: 14 | B15: 2 | C15: Utilizzare il lessico e la terminologia tecnica di settore anche in lingua inglese. | D15: 2 | E15: dipartimentale | F15: cognitiva
A16: 15 | B16: 2 | C16: Identificare i principali dispositivi periferici. | D16: 2 | E16: dipartimentale | F16: cognitiva
A17: 16 | B17: 2 | C17: selezionare un dispositivo adatto all’applicazione data. | D17: 2 | E17: dipartimentale | F17: cognitiva
A18: 17 | B18: 2 | C18: Identificare le caratteristiche di un servizio di rete. | D18: 2 | E18: dipartimentale | F18: cognitiva
A19: 18 | B19: 2 | C19: Sviluppare programmi client/server utilizzando protocolli esistenti. | D19: 2 | E19: dipartimentale | F19: pratica

Sheet competenze
A1: id | B1: alias | C1: ordinale | D1: nome | E1: tipo | F1: id_periodo | G1: id_discipline | H1: codice
A2: 1 | B2: c | C2: 1 | D2: competenza alfabetica funzionale | E2: apprendimento permanente | G2: 4 | H2: =concat(CONCAT(CONCAT("C",C2),"/"),B2) -> C1/c
A3: 2 | B3: c | C3: 2 | D3: competenza multilinguistica | E3: apprendimento permanente | G3: 4 | H3: =concat(CONCAT(CONCAT("C",C3),"/"),B3) -> C2/c
A4: 3 | B4: c | C4: 3 | D4: competenza matematica e competenza in scienze, tecnologie e ingegneria | E4: apprendimento permanente | G4: 4 | H4: =concat(CONCAT(CONCAT("C",C4),"/"),B4) -> C3/c
A5: 4 | B5: c | C5: 4 | D5: competenza digitale | E5: apprendimento permanente | G5: 4 | H5: =concat(CONCAT(CONCAT("C",C5),"/"),B5) -> C4/c
A6: 5 | B6: c | C6: 5 | D6: competenza personale, sociale e capacità di imparare a imparare | E6: apprendimento permanente | G6: 4 | H6: =concat(CONCAT(CONCAT("C",C6),"/"),B6) -> C5/c
A7: 6 | B7: c | C7: 6 | D7: competenza in materia di cittadinanza | E7: apprendimento permanente | G7: 4 | H7: =concat(CONCAT(CONCAT("C",C7),"/"),B7) -> C6/c
A8: 7 | B8: c | C8: 7 | D8: competenza imprenditoriale | E8: apprendimento permanente | G8: 4 | H8: =concat(CONCAT(CONCAT("C",C8),"/"),B8) -> C7/c
A9: 8 | B9: c | C9: 8 | D9: competenza in materia di consapevolezza ed espressione culturali | E9: apprendimento permanente | G9: 4 | H9: =concat(CONCAT(CONCAT("C",C9),"/"),B9) -> C8/c
A10: 9 | B10: c | C10: 9 | D10: competenze green | E10: apprendimento permanente | G10: 4 | H10: =concat(CONCAT(CONCAT("C",C10),"/"),B10) -> C9/c
A11: 10 | B11: i | C11: 1 | D11: Utilizzare le strategie del pensiero razionale negli aspetti dialettici ed algoritmici per affrontare situazioni problematiche elaborando opportune soluzioni. | E11: indirizzo | F11: 1 | G11: 4 | H11: =concat(CONCAT(CONCAT("C",C11),"/"),B11) -> C1/i
A12: 11 | B12: i | C12: 2 | D12: Sviluppare applicazioni informatiche. | E12: indirizzo | F12: 1 | G12: 4 | H12: =concat(CONCAT(CONCAT("C",C12),"/"),B12) -> C2/i
A13: 12 | B13: i | C13: 3 | D13: Descrivere e comparare il funzionamento di dispositivi e strumenti informatici, scegliere dispositivi e strumenti in base alle loro caratteristiche funzionali. | E13: indirizzo | F13: 1 | G13: 4 | H13: =concat(CONCAT(CONCAT("C",C13),"/"),B13) -> C3/i
A14: 13 | B14: i | C14: 4 | D14: Gestire progetti secondo le procedure e gli standard previsti dai sistemi aziendali di gestione della qualità e della sicurezza. | E14: indirizzo | F14: 1 | G14: 4 | H14: =concat(CONCAT(CONCAT("C",C14),"/"),B14) -> C4/i
A15: 14 | B15: i | C15: 5 | D15: Redigere relazioni tecniche e documentare le attività individuali e di gruppo relative a situazioni professionali. | E15: indirizzo | F15: 1 | G15: 4 | H15: =concat(CONCAT(CONCAT("C",C15),"/"),B15) -> C5/i
A16: 15 | B16: i | C16: 1 | D16: Sviluppare applicazioni informatiche. | E16: indirizzo | F16: 2 | G16: 4 | H16: =concat(CONCAT(CONCAT("C",C16),"/"),B16) -> C1/i
A17: 16 | B17: i | C17: 2 | D17: Sviluppare applicazioni informatiche per reti locali o servizi a distanza. | E17: indirizzo | F17: 2 | G17: 4 | H17: =concat(CONCAT(CONCAT("C",C17),"/"),B17) -> C2/i
A18: 17 | B18: i | C18: 3 | D18: Descrivere e comparare il funzionamento di dispositivi e strumenti informatici; scegliere dispositivi e strumenti in base alle loro caratteristiche funzionali. | E18: indirizzo | F18: 2 | G18: 4 | H18: =concat(CONCAT(CONCAT("C",C18),"/"),B18) -> C3/i
A19: 18 | B19: i | C19: 4 | D19: Gestire progetti secondo le procedure e gli standard previsti dai sistemi aziendali di gestione della qualità e della sicurezza. | E19: indirizzo | F19: 2 | G19: 4 | H19: =concat(CONCAT(CONCAT("C",C19),"/"),B19) -> C4/i
A20: 19 | B20: i | C20: 5 | D20: Redigere relazioni tecniche e documentare le attività individuali e di gruppo relative a situazioni professionali. | E20: indirizzo | F20: 2 | G20: 4 | H20: =concat(CONCAT(CONCAT("C",C20),"/"),B20) -> C5/i
A21: 20 | B21: d | C21: 1 | D21: Sviluppare applicazioni informatiche per reti locali o servizi a distanza; | E21: disciplinari | G21: 2 | H21: =concat(CONCAT(CONCAT("C",C21),"/"),B21) -> C1/d
A22: 21 | B22: d | C22: 2 | D22: Scegliere dispositivi e strumenti in base alle loro caratteristiche funzionali; | E22: disciplinari | G22: 2 | H22: =concat(CONCAT(CONCAT("C",C22),"/"),B22) -> C2/d
A23: 22 | B23: d | C23: 3 | D23: Gestire progetti secondo le procedure e gli standard previsti dai sistemi aziendali di gestione della qualità e della sicurezza. | E23: disciplinari | G23: 2 | H23: =concat(CONCAT(CONCAT("C",C23),"/"),B23) -> C3/d
A24: 23 | B24: d | C24: 4 | D24: Gestire processi produttivi correlati a funzioni aziendali; | E24: disciplinari | G24: 2 | H24: =concat(CONCAT(CONCAT("C",C24),"/"),B24) -> C4/d
A25: 24 | B25: d | C25: 5 | D25: Configurare, installare e gestire sistemi di elaborazione dati e reti; | E25: disciplinari | G25: 2 | H25: =concat(CONCAT(CONCAT("C",C25),"/"),B25) -> C5/d
A26: 25 | B26: d | C26: 6 | D26: Redigere relazioni tecniche e documentare le attività individuali e di gruppo relative a situazioni professionali. | E26: disciplinari | G26: 2 | H26: =concat(CONCAT(CONCAT("C",C26),"/"),B26) -> C6/d

Sheet abilità_specifiche
A1: id | B1: titolo | C1: tipo | D1: realizza
A2: 1 | B2: Contestualizzare l'esigenza di sicurezza nel "cyber caos". | C2: cognitiva | D2: =IFERROR(__xludf.DUMMYFUNCTION("JOIN(""; "", ARRAYFORMULA(VLOOKUP(FILTER(abilità_TO_abilità_specifiche[id_abilità], abilità_TO_abilità_specifiche[id_abilità_specifica] = A2), abilità, 3, FALSE)))"),"Applicare le normative di settore sulla sicurezza e la tutela ambientale.") -> Applicare le normative di settore sulla sicurezza e la tutela ambientale.
A3: 2 | B3: Valutare l'integrità dei dati. | C3: cognitiva | D3: =IFERROR(__xludf.DUMMYFUNCTION("JOIN(""; "", ARRAYFORMULA(VLOOKUP(FILTER(abilità_TO_abilità_specifiche[id_abilità], abilità_TO_abilità_specifiche[id_abilità_specifica] = A3), abilità, 3, FALSE)))"),"Applicare le normative di settore sulla sicurezza e la tutela ambientale.") -> Applicare le normative di settore sulla sicurezza e la tutela ambientale.
A4: 3 | B4: Valutare la robustezza (es. lunghezza chiave DES vs AES). Identificare vulnerabilità. | C4: cognitiva | D4: =IFERROR(__xludf.DUMMYFUNCTION("JOIN(""; "", ARRAYFORMULA(VLOOKUP(FILTER(abilità_TO_abilità_specifiche[id_abilità], abilità_TO_abilità_specifiche[id_abilità_specifica] = A4), abilità, 3, FALSE)))"),"Applicare le normative di settore sulla sicurezza e la tutela ambientale.") -> Applicare le normative di settore sulla sicurezza e la tutela ambientale.
A5: 4 | B5: Applicare i principi dell'aritmetica modulare per comprendere i problemi matematici (fattorizzazione, logaritmo discreto) alla base della crittografia asimmetrica. | C5: cognitiva | D5: =IFERROR(__xludf.DUMMYFUNCTION("JOIN(""; "", ARRAYFORMULA(VLOOKUP(FILTER(abilità_TO_abilità_specifiche[id_abilità], abilità_TO_abilità_specifiche[id_abilità_specifica] = A5), abilità, 3, FALSE)))"),"Applicare le normative di settore sulla sicurezza e la tutela ambientale.") -> Applicare le normative di settore sulla sicurezza e la tutela ambientale.
A6: 5 | B6: Descrivere il processo di generazione chiavi, cifratura, decifratura e firma con RSA. | C6: cognitiva | D6: =IFERROR(__xludf.DUMMYFUNCTION("JOIN(""; "", ARRAYFORMULA(VLOOKUP(FILTER(abilità_TO_abilità_specifiche[id_abilità], abilità_TO_abilità_specifiche[id_abilità_specifica] = A6), abilità, 3, FALSE)))"),"Applicare le normative di settore sulla sicurezza e la tutela ambientale.") -> Applicare le normative di settore sulla sicurezza e la tutela ambientale.
A7: 6 | B7: Descrivere il protocollo DHM e come genera una chiave condivisa segreta su un canale insicuro. | C7: cognitiva | D7: =IFERROR(__xludf.DUMMYFUNCTION("JOIN(""; "", ARRAYFORMULA(VLOOKUP(FILTER(abilità_TO_abilità_specifiche[id_abilità], abilità_TO_abilità_specifiche[id_abilità_specifica] = A7), abilità, 3, FALSE)))"),"Applicare le normative di settore sulla sicurezza e la tutela ambientale.; Progettare semplici protocolli di comunicazione.") -> Applicare le normative di settore sulla sicurezza e la tutela ambientale.; Progettare semplici protocolli di comunicazione.
A8: 7 | B8: Descrivere la differenza fondamentale tra computazione classica e quantistica. Spiegare come sovrapposizione ed entanglement permettano il parallelismo quantistico. | C8: cognitiva | D8: =IFERROR(__xludf.DUMMYFUNCTION("JOIN(""; "", ARRAYFORMULA(VLOOKUP(FILTER(abilità_TO_abilità_specifiche[id_abilità], abilità_TO_abilità_specifiche[id_abilità_specifica] = A8), abilità, 3, FALSE)))"),"Progettare e realizzare applicazioni in modalità concorrente.") -> Progettare e realizzare applicazioni in modalità concorrente.
A9: 8 | B9: Classificare algoritmi semplici usando la notazione O-grande. Confrontare la complessità di problemi noti (es. fattorizzazione) in ambito classico vs. quantistico. | C9: cognitiva | D9: =IFERROR(__xludf.DUMMYFUNCTION("JOIN(""; "", ARRAYFORMULA(VLOOKUP(FILTER(abilità_TO_abilità_specifiche[id_abilità], abilità_TO_abilità_specifiche[id_abilità_specifica] = A9), abilità, 3, FALSE)))"),"Progettare e realizzare applicazioni in modalità concorrente.") -> Progettare e realizzare applicazioni in modalità concorrente.
A10: 9 | B10: Leggere e interpretare un semplice circuito quantistico. | C10: cognitiva | D10: =IFERROR(__xludf.DUMMYFUNCTION("JOIN(""; "", ARRAYFORMULA(VLOOKUP(FILTER(abilità_TO_abilità_specifiche[id_abilità], abilità_TO_abilità_specifiche[id_abilità_specifica] = A10), abilità, 3, FALSE)))"),"Progettare e realizzare applicazioni in modalità concorrente.") -> Progettare e realizzare applicazioni in modalità concorrente.
A11: 10 | B11: Spiegare perché l'algoritmo di Shor rende obsoleta RSA. Valutare criticamente la robustezza degli algoritmi di UDA 1 (RSA, DH) contro un avversario quantistico. | C11: cognitiva | D11: =IFERROR(__xludf.DUMMYFUNCTION("JOIN(""; "", ARRAYFORMULA(VLOOKUP(FILTER(abilità_TO_abilità_specifiche[id_abilità], abilità_TO_abilità_specifiche[id_abilità_specifica] = A11), abilità, 3, FALSE)))"),"Progettare e realizzare applicazioni in modalità concorrente.; Applicare le normative di settore sulla sicurezza e la tutela ambientale.") -> Progettare e realizzare applicazioni in modalità concorrente.; Applicare le normative di settore sulla sicurezza e la tutela ambientale.
A12: 11 | B12: Progettare l'architettura degli endpoint API (CRUD). Identificare i pattern corretti (MVC, ORM). Pratiche: Implementare endpoint API in Laravel. Definire rotte e controller. Interagire con un database. Applicare l'IA per generare codice boilerplate. | C12: cognitiva | D12: =IFERROR(__xludf.DUMMYFUNCTION("JOIN(""; "", ARRAYFORMULA(VLOOKUP(FILTER(abilità_TO_abilità_specifiche[id_abilità], abilità_TO_abilità_specifiche[id_abilità_specifica] = A12), abilità, 3, FALSE)))"),"Documentare i requisiti e gli aspetti architetturali di un prodotto/servizio, anche in riferimento a standard di settore.; Realizzare applicazioni per la comunicazione di rete.; Progettare l’architettura di un prodotto/servizio individuandone le component"&"i tecnologiche.; Realizzare semplici applicazioni orientate ai servizi.; Sviluppare programmi client/server utilizzando protocolli esistenti.") -> Documentare i requisiti e gli aspetti architetturali di un prodotto/servizio, anche in riferimento a standard di settore.; Realizzare applicazioni per la comunicazione di rete.; Progettare l’architettura di un prodotto/servizio individuandone le componenti tecnologiche.; Realizzare semplici applicazioni orientate ai servizi.; Sviluppare programmi client/server utilizzando protocolli esistenti.
A13: 12 | B13: Comprendere i flussi di autenticazione stateless (es. JWT). Pratiche: Implementare un sistema di login/registrazione API. Generare, inviare e validare token (JWT) per proteggere gli endpoint. | C13: cognitiva | D13: =IFERROR(__xludf.DUMMYFUNCTION("JOIN(""; "", ARRAYFORMULA(VLOOKUP(FILTER(abilità_TO_abilità_specifiche[id_abilità], abilità_TO_abilità_specifiche[id_abilità_specifica] = A13), abilità, 3, FALSE)))"),"Applicare le normative di settore sulla sicurezza e la tutela ambientale.; Progettare semplici protocolli di comunicazione.") -> Applicare le normative di settore sulla sicurezza e la tutela ambientale.; Progettare semplici protocolli di comunicazione.
A14: 13 | B14: Valutare criticamente l'output dell'IA. Pratiche: Sfruttare un assistente AI per ottimizzare la scrittura di codice, identificare errori e generare documentazione. | C14: cognitiva | D14: =IFERROR(__xludf.DUMMYFUNCTION("JOIN(""; "", ARRAYFORMULA(VLOOKUP(FILTER(abilità_TO_abilità_specifiche[id_abilità], abilità_TO_abilità_specifiche[id_abilità_specifica] = A14), abilità, 3, FALSE)))"),"Documentare i requisiti e gli aspetti architetturali di un prodotto/servizio, anche in riferimento a standard di settore.; Realizzare semplici applicazioni orientate ai servizi.") -> Documentare i requisiti e gli aspetti architetturali di un prodotto/servizio, anche in riferimento a standard di settore.; Realizzare semplici applicazioni orientate ai servizi.
A15: 14 | B15: Comprendere e scegliere il flusso di lavoro (Git Flow) adatto al progetto. | C15: cognitiva | D15: =IFERROR(__xludf.DUMMYFUNCTION("JOIN(""; "", ARRAYFORMULA(VLOOKUP(FILTER(abilità_TO_abilità_specifiche[id_abilità], abilità_TO_abilità_specifiche[id_abilità_specifica] = A15), abilità, 3, FALSE)))"),"Identificare le fasi di un progetto nel contesto del ciclo di sviluppo.") -> Identificare le fasi di un progetto nel contesto del ciclo di sviluppo.
A16: 15 | B16: Progettare la struttura semantica di una pagina HTML5. Scegliere le corrette tecniche di responsive design. | C16: cognitiva | D16: =IFERROR(__xludf.DUMMYFUNCTION("JOIN(""; "", ARRAYFORMULA(VLOOKUP(FILTER(abilità_TO_abilità_specifiche[id_abilità], abilità_TO_abilità_specifiche[id_abilità_specifica] = A16), abilità, 3, FALSE)))"),"Documentare i requisiti e gli aspetti architetturali di un prodotto/servizio, anche in riferimento a standard di settore.; Progettare l’architettura di un prodotto/servizio individuandone le componenti tecnologiche.") -> Documentare i requisiti e gli aspetti architetturali di un prodotto/servizio, anche in riferimento a standard di settore.; Progettare l’architettura di un prodotto/servizio individuandone le componenti tecnologiche.
A17: 16 | B17: Analizzare i requisiti di interattività. Progettare la logica asincrona (Promise, async/await). | C17: cognitiva | D17: =IFERROR(__xludf.DUMMYFUNCTION("JOIN(""; "", ARRAYFORMULA(VLOOKUP(FILTER(abilità_TO_abilità_specifiche[id_abilità], abilità_TO_abilità_specifiche[id_abilità_specifica] = A17), abilità, 3, FALSE)))"),"Documentare i requisiti e gli aspetti architetturali di un prodotto/servizio, anche in riferimento a standard di settore.; Progettare l’architettura di un prodotto/servizio individuandone le componenti tecnologiche.") -> Documentare i requisiti e gli aspetti architetturali di un prodotto/servizio, anche in riferimento a standard di settore.; Progettare l’architettura di un prodotto/servizio individuandone le componenti tecnologiche.
A18: 17 | B18: Identificare quali endpoint API consumare e come gestire le risposte (successo/errore). | C18: cognitiva | D18: =IFERROR(__xludf.DUMMYFUNCTION("JOIN(""; "", ARRAYFORMULA(VLOOKUP(FILTER(abilità_TO_abilità_specifiche[id_abilità], abilità_TO_abilità_specifiche[id_abilità_specifica] = A18), abilità, 3, FALSE)))"),"Realizzare applicazioni per la comunicazione di rete.; Sviluppare programmi client/server utilizzando protocolli esistenti.") -> Realizzare applicazioni per la comunicazione di rete.; Sviluppare programmi client/server utilizzando protocolli esistenti.
A19: 18 | B19: Definire e progettare la struttura dei dati (JSON) per lo scambio dati. | C19: cognitiva | D19: =IFERROR(__xludf.DUMMYFUNCTION("JOIN(""; "", ARRAYFORMULA(VLOOKUP(FILTER(abilità_TO_abilità_specifiche[id_abilità], abilità_TO_abilità_specifiche[id_abilità_specifica] = A19), abilità, 3, FALSE)))"),"Documentare i requisiti e gli aspetti architetturali di un prodotto/servizio, anche in riferimento a standard di settore.; Progettare semplici protocolli di comunicazione.") -> Documentare i requisiti e gli aspetti architetturali di un prodotto/servizio, anche in riferimento a standard di settore.; Progettare semplici protocolli di comunicazione.
A20: 19 | B20: Riconoscere l'evoluzione delle minacce e la necessità di aggiornamento degli algoritmi (es. post-quantistici). | C20: pratica | D20: =IFERROR(__xludf.DUMMYFUNCTION("JOIN(""; "", ARRAYFORMULA(VLOOKUP(FILTER(abilità_TO_abilità_specifiche[id_abilità], abilità_TO_abilità_specifiche[id_abilità_specifica] = A20), abilità, 3, FALSE)))"),"Applicare le normative di settore sulla sicurezza e la tutela ambientale.") -> Applicare le normative di settore sulla sicurezza e la tutela ambientale.
A21: 20 | B21: Utilizzare librerie crittografiche per calcolare il digest (hash) di un file o di un messaggio scambiato in rete per verificarne l'integrità (collegato a C1/d, C6/i). | C21: pratica | D21: =IFERROR(__xludf.DUMMYFUNCTION("JOIN(""; "", ARRAYFORMULA(VLOOKUP(FILTER(abilità_TO_abilità_specifiche[id_abilità], abilità_TO_abilità_specifiche[id_abilità_specifica] = A21), abilità, 3, FALSE)))"),"Applicare le normative di settore sulla sicurezza e la tutela ambientale.") -> Applicare le normative di settore sulla sicurezza e la tutela ambientale.
A22: 21 | B22: Cifrare un flusso di dati. | C22: pratica | D22: =IFERROR(__xludf.DUMMYFUNCTION("JOIN(""; "", ARRAYFORMULA(VLOOKUP(FILTER(abilità_TO_abilità_specifiche[id_abilità], abilità_TO_abilità_specifiche[id_abilità_specifica] = A22), abilità, 3, FALSE)))"),"Applicare le normative di settore sulla sicurezza e la tutela ambientale.") -> Applicare le normative di settore sulla sicurezza e la tutela ambientale.
A23: 22 | B23: Utilizzare RSA . | C23: pratica | D23: =IFERROR(__xludf.DUMMYFUNCTION("JOIN(""; "", ARRAYFORMULA(VLOOKUP(FILTER(abilità_TO_abilità_specifiche[id_abilità], abilità_TO_abilità_specifiche[id_abilità_specifica] = A23), abilità, 3, FALSE)))"),"Applicare le normative di settore sulla sicurezza e la tutela ambientale.") -> Applicare le normative di settore sulla sicurezza e la tutela ambientale.
A24: 23 | B24: Sviluppare semplici applicazioni (Abilità 5° anno, Fonte 7) in Python utilizzando librerie di simulazione (es. Qiskit) per implementare e testare porte logiche e circuiti di base. | C24: pratica | D24: =IFERROR(__xludf.DUMMYFUNCTION("JOIN(""; "", ARRAYFORMULA(VLOOKUP(FILTER(abilità_TO_abilità_specifiche[id_abilità], abilità_TO_abilità_specifiche[id_abilità_specifica] = A24), abilità, 3, FALSE)))"),"Progettare e realizzare applicazioni in modalità concorrente.") -> Progettare e realizzare applicazioni in modalità concorrente.
A25: 24 | B25: Implementare endpoint API in Laravel. Definire rotte e controller. Interagire con un database. Applicare l'IA per generare codice boilerplate. | C25: pratica | D25: =IFERROR(__xludf.DUMMYFUNCTION("JOIN(""; "", ARRAYFORMULA(VLOOKUP(FILTER(abilità_TO_abilità_specifiche[id_abilità], abilità_TO_abilità_specifiche[id_abilità_specifica] = A25), abilità, 3, FALSE)))"),"Realizzare applicazioni per la comunicazione di rete.; Realizzare semplici applicazioni orientate ai servizi.; Sviluppare programmi client/server utilizzando protocolli esistenti.") -> Realizzare applicazioni per la comunicazione di rete.; Realizzare semplici applicazioni orientate ai servizi.; Sviluppare programmi client/server utilizzando protocolli esistenti.
A26: 25 | B26: Implementare un sistema di login/registrazione API. Generare, inviare e validare token (JWT) per proteggere gli endpoint. | C26: pratica | D26: =IFERROR(__xludf.DUMMYFUNCTION("JOIN(""; "", ARRAYFORMULA(VLOOKUP(FILTER(abilità_TO_abilità_specifiche[id_abilità], abilità_TO_abilità_specifiche[id_abilità_specifica] = A26), abilità, 3, FALSE)))"),"Applicare le normative di settore sulla sicurezza e la tutela ambientale.; Progettare semplici protocolli di comunicazione.") -> Applicare le normative di settore sulla sicurezza e la tutela ambientale.; Progettare semplici protocolli di comunicazione.
A27: 26 | B27: Sfruttare un assistente AI per ottimizzare la scrittura di codice, identificare errori e generare documentazione. | C27: pratica | D27: =IFERROR(__xludf.DUMMYFUNCTION("JOIN(""; "", ARRAYFORMULA(VLOOKUP(FILTER(abilità_TO_abilità_specifiche[id_abilità], abilità_TO_abilità_specifiche[id_abilità_specifica] = A27), abilità, 3, FALSE)))"),"Documentare i requisiti e gli aspetti architetturali di un prodotto/servizio, anche in riferimento a standard di settore.; Realizzare semplici applicazioni orientate ai servizi.") -> Documentare i requisiti e gli aspetti architetturali di un prodotto/servizio, anche in riferimento a standard di settore.; Realizzare semplici applicazioni orientate ai servizi.
A28: 27 | B28: Utilizzare GitHub (branch, PR), ottimizzare la scrittura di codice, identificare errori e generare documentazione. | C28: pratica | D28: =IFERROR(__xludf.DUMMYFUNCTION("JOIN(""; "", ARRAYFORMULA(VLOOKUP(FILTER(abilità_TO_abilità_specifiche[id_abilità], abilità_TO_abilità_specifiche[id_abilità_specifica] = A28), abilità, 3, FALSE)))"),"Identificare le fasi di un progetto nel contesto del ciclo di sviluppo.") -> Identificare le fasi di un progetto nel contesto del ciclo di sviluppo.
A29: 28 | B29: Strutturare la pagina web. Creare layout responsive. Applicare stili coerenti utilizzando Bootstrap. | C29: pratica | D29: =IFERROR(__xludf.DUMMYFUNCTION("JOIN(""; "", ARRAYFORMULA(VLOOKUP(FILTER(abilità_TO_abilità_specifiche[id_abilità], abilità_TO_abilità_specifiche[id_abilità_specifica] = A29), abilità, 3, FALSE)))"),"Realizzare semplici applicazioni orientate ai servizi.; Sviluppare programmi client/server utilizzando protocolli esistenti.") -> Realizzare semplici applicazioni orientate ai servizi.; Sviluppare programmi client/server utilizzando protocolli esistenti.
A30: 29 | B30: Manipolare il DOM. Gestire gli eventi utente. Scrivere codice ECMAScript asincrono per gestire le interazioni di rete. | C30: pratica | D30: =IFERROR(__xludf.DUMMYFUNCTION("JOIN(""; "", ARRAYFORMULA(VLOOKUP(FILTER(abilità_TO_abilità_specifiche[id_abilità], abilità_TO_abilità_specifiche[id_abilità_specifica] = A30), abilità, 3, FALSE)))"),"Realizzare semplici applicazioni orientate ai servizi.; Sviluppare programmi client/server utilizzando protocolli esistenti.") -> Realizzare semplici applicazioni orientate ai servizi.; Sviluppare programmi client/server utilizzando protocolli esistenti.
A31: 30 | B31: Inviare richieste (es. Fetch API) all'API (UDA 2). Gestire l'invio di token di autenticazione. Parsare le risposte JSON e aggiornare l'UI. | C31: pratica | D31: =IFERROR(__xludf.DUMMYFUNCTION("JOIN(""; "", ARRAYFORMULA(VLOOKUP(FILTER(abilità_TO_abilità_specifiche[id_abilità], abilità_TO_abilità_specifiche[id_abilità_specifica] = A31), abilità, 3, FALSE)))"),"Realizzare applicazioni per la comunicazione di rete.; Realizzare semplici applicazioni orientate ai servizi.; Sviluppare programmi client/server utilizzando protocolli esistenti.") -> Realizzare applicazioni per la comunicazione di rete.; Realizzare semplici applicazioni orientate ai servizi.; Sviluppare programmi client/server utilizzando protocolli esistenti.
A32: 31 | B32: Implementare la serializzazione/deserializzazione. Scrivere regole di validazione per i dati in ingresso. | C32: pratica | D32: =IFERROR(__xludf.DUMMYFUNCTION("JOIN(""; "", ARRAYFORMULA(VLOOKUP(FILTER(abilità_TO_abilità_specifiche[id_abilità], abilità_TO_abilità_specifiche[id_abilità_specifica] = A32), abilità, 3, FALSE)))"),"Progettare semplici protocolli di comunicazione.") -> Progettare semplici protocolli di comunicazione.

Sheet abilità_TO_abilità_specifiche
A1: id_abilità_specifica | B1: id_abilità
A2: 1 | B2: 7
A3: 2 | B3: 7
A4: 3 | B4: 7
A5: 4 | B5: 7
A6: 5 | B6: 7
A7: 6 | B7: 7
A8: 6 | B8: 10
A9: 7 | B9: 4
A10: 8 | B10: 4
A11: 9 | B11: 4
A12: 10 | B12: 4
A13: 10 | B13: 7
... A52: 31 | B52: 10

Sheet abilità_specifiche_TO_modulo
A1: id_abilità_specifiche | B1: id_modulo
A2: 1 | B2: 1
A3: 2 | B3: 1
A4: 3 | B4: 1
A5: 4 | B5: 1
A6: 5 | B6: 1
A7: 6 | B7: 1

Sheet competenze_TO_modulo
A1: id_modulo | B1: id_competenze
A2: 1 | B2: 3
A3: 1 | B3: 4
A4: 1 | B4: 5
A5: 1 | B5: 20
A6: 1 | B6: 23
A7: 1 | B7: 24
A8: 1 | B8: 15
A9: 1 | B9: 17
A10: 1 | B10: 19
